[{
	"area": "State - JAMMU & KASHMIR",
	"Illiterate": 5474069,
	"Literate": 7067233
}, {
	"area": "State - HIMACHAL PRADESH",
	"Illiterate": 1824866,
	"Literate": 5039736
}, {
	"area": "State - PUNJAB",
	"Illiterate": 9036201,
	"Literate": 18707137
}, {
	"area": "State - CHANDIGARH",
	"Illiterate": 250012,
	"Literate": 805438
}, {
	"area": "State - UTTARAKHAND",
	"Illiterate": 3205339,
	"Literate": 6880953
}, {
	"area": "State - HARYANA",
	"Illiterate": 8752474,
	"Literate": 16598988
}, {
	"area": "State - NCT OF DELHI",
	"Illiterate": 4050174,
	"Literate": 12737767
}, {
	"area": "State - RAJASTHAN",
	"Illiterate": 30273155,
	"Literate": 38275282
}, {
	"area": "State - UTTAR PRADESH",
	"Illiterate": 85414786,
	"Literate": 114397555
}, {
	"area": "State - BIHAR",
	"Illiterate": 51594899,
	"Literate": 52504553
}, {
	"area": "State - SIKKIM",
	"Illiterate": 165625,
	"Literate": 444952
}, {
	"area": "State - ARUNACHAL PRADESH",
	"Illiterate": 617722,
	"Literate": 766005
}, {
	"area": "State - NAGALAND",
	"Illiterate": 636068,
	"Literate": 1342434
}, {
	"area": "State - MANIPUR",
	"Illiterate": 947318,
	"Literate": 1908476
}, {
	"area": "State - MIZORAM",
	"Illiterate": 249031,
	"Literate": 848175
}, {
	"area": "State - TRIPURA",
	"Illiterate": 869134,
	"Literate": 2804783
}, {
	"area": "State - MEGHALAYA",
	"Illiterate": 1181884,
	"Literate": 1785005
}, {
	"area": "State - ASSAM",
	"Illiterate": 12027599,
	"Literate": 19177977
}, {
	"area": "State - WEST BENGAL",
	"Illiterate": 29737834,
	"Literate": 61538281
}, {
	"area": "State - JHARKHAND",
	"Illiterate": 14660065,
	"Literate": 18328069
}, {
	"area": "State - ODISHA",
	"Illiterate": 15231623,
	"Literate": 26742595
}, {
	"area": "State - CHHATTISGARH",
	"Illiterate": 10165276,
	"Literate": 15379922
}, {
	"area": "State - MADHYA PRADESH",
	"Illiterate": 29775640,
	"Literate": 42851169
}, {
	"area": "State - GUJARAT",
	"Illiterate": 19346334,
	"Literate": 41093358
}, {
	"area": "State - DAMAN & DIU",
	"Illiterate": 54841,
	"Literate": 188406
}, {
	"area": "State - DADRA & NAGAR HAVELI",
	"Illiterate": 120479,
	"Literate": 223230
}, {
	"area": "State - MAHARASHTRA",
	"Illiterate": 30820043,
	"Literate": 81554290
}, {
	"area": "State - ANDHRA PRADESH",
	"Illiterate": 34024017,
	"Literate": 50556760
}, {
	"area": "State - KARNATAKA",
	"Illiterate": 20447975,
	"Literate": 40647322
}, {
	"area": "State - GOA",
	"Illiterate": 293058,
	"Literate": 1165487
}, {
	"area": "State - LAKSHADWEEP",
	"Illiterate": 11920,
	"Literate": 52553
}, {
	"area": "State - KERALA",
	"Illiterate": 5270237,
	"Literate": 28135824
}, {
	"area": "State - TAMIL NADU",
	"Illiterate": 20309523,
	"Literate": 51837507
}, {
	"area": "State - PUDUCHERRY",
	"Illiterate": 290644,
	"Literate": 957309
}, {
	"area": "State - ANDAMAN & NICOBAR ISLANDS",
	"Illiterate": 86300,
	"Literate": 294281
}]